{
    "avg_prec": 0.5156097408235842,
    "roc_auc": 0.9390736037900937
}