{
    "avg_prec": 0.5397901189883048,
    "roc_auc": 0.9462053172375864
}