{
    "avg_prec": 0.5170705568331283,
    "roc_auc": 0.9539183927449864
}