{
    "avg_prec": 0.5070613039218173,
    "roc_auc": 0.9591657952581147
}